adeschamps <anthony.j.deschamps@gmail.com>
alsm <asm@rndm.io>
Al S-M <asm@rndm.io>
Ben Delarre <ben@delarre.net>
Ben Schwartz <benschw@gmail.com>
Gavin Cabbage <gavincabbage@gmail.com>
gotang <gotang@foxmail.com>
Kashyap Kopparam <kashyapkopparam@gmail.com>
Kunal Powar <kunalpowar1203@gmail.com>
Marco P. Monteiro <marco_monteiro@sv.comcast.com>
Matthew Dale <matthew@matthewrdale.com>
Nikesh Vora <nikesh.voratp@gmail.com>
SjB <steve@sagacity.ca>
Steve Beaulac <steve@beaulac.me>
Thorsten von Eicken <tve@rightscale.com>
wiless <wiless.bytes@gmail.com>
Wu Jiang <wu@morediff.info>
